id;name;email;external_reference
1;mobile Fish;Lavinia44@hotmail.com;Small
2;FTP Savings Account;Mac96@hotmail.com;parsing red Chips
3;Money Market Account;Judge.Adams@yahoo.com;Namibia
4;Steel zero administration;Darlene78@yahoo.com;grey Cambridgeshire
5;Canyon HDD;Cecile1@hotmail.com;Usability South Dakota envisioneer
6;Intelligent;Dayne.Kessler60@hotmail.com;backing up Salad
7;Digitized invoice;Hermann54@gmail.com;Chair Facilitator
8;Views e-enable Communications;Theodora57@hotmail.com;Aruba
9;software scale interactive;Kyler.Hermiston60@hotmail.com;bifurcated scalable
10;Small;Henri.Rutherford@hotmail.com;Books
